<!-- [ Mirror metadata ] generatedAt: 1474066041636 -->
<!-- Generated screen file. Fill the id tags below with content with
which to populate your previewed layout. For a complete specification
of sample data, please see http://jimulabs.com/sample-data-specifications/ 

Valid attributes on <screen> tag: theme="@style/someTheme" inEditMode="false" overlay="@drawable/mockup" -->
<screen>
    <_content layout="@layout/activity_custom_playlist_inner_layout">
        <!-- ImageView Examples:
        <background_image_view src="@drawable/image_resource" />
        <background_image_view src="relative_path/image.jpg" /> -->
        <background_image_view />
        <!-- TextView Examples:
        <playlist_name_text_view text="@string/string_resource" />
        <playlist_name_text_view text="Text literal" textSize="14sp" /> -->
        <playlist_name_text_view />
        <playlist_song_count_textview />
        <custom_playlist_inner_recyler_view layoutManager="linear:vertical">
        <!-- Examples of valid layoutManager values: "linear", "staggeredGrid:5:horizontal", "staggeredGrid:4" -->
            <items layout="@android:layout/simple_list_item_1" >
                <_item>
                    <text1>Vancouver</text1>
                </_item>
                <_item>
                    <text1>Cairo</text1>
                </_item>
                <_item>
                    <text1>New York</text1>
                </_item>
                <_item>
                    <text1>San Francisco</text1>
                </_item>
                <_item>
                    <text1>Seattle</text1>
                </_item>
                <_item>
                    <text1>Hong Kong</text1>
                </_item>
                <_item>
                    <text1>Tokyo</text1>
                </_item>
            </items>
                </custom_playlist_inner_recyler_view>
    </_content>
</screen>
