<!-- [ Mirror metadata ] generatedAt: 1474066041680 -->
<!-- Generated screen file. Fill the id tags below with content with
which to populate your previewed layout. For a complete specification
of sample data, please see http://jimulabs.com/sample-data-specifications/ 

Valid attributes on <screen> tag: theme="@style/someTheme" inEditMode="false" overlay="@drawable/mockup" -->
<screen>
    <_content layout="@layout/activity_quick_share">
        <quick_share_recycler_view layoutManager="linear:vertical">
        <!-- Examples of valid layoutManager values: "linear", "staggeredGrid:5:horizontal", "staggeredGrid:4" -->
            <items layout="@android:layout/simple_list_item_1" >
                <_item>
                    <text1>Vancouver</text1>
                </_item>
                <_item>
                    <text1>Cairo</text1>
                </_item>
                <_item>
                    <text1>New York</text1>
                </_item>
                <_item>
                    <text1>San Francisco</text1>
                </_item>
                <_item>
                    <text1>Seattle</text1>
                </_item>
                <_item>
                    <text1>Hong Kong</text1>
                </_item>
                <_item>
                    <text1>Tokyo</text1>
                </_item>
            </items>
                </quick_share_recycler_view>
        <!-- TextView Examples:
        <no_devices_available_text_view text="@string/string_resource" />
        <no_devices_available_text_view text="Text literal" textSize="14sp" /> -->
        <no_devices_available_text_view />
    </_content>
</screen>
