<!-- [ Mirror metadata ] generatedAt: 1474066041938 -->
<!-- Generated screen file. Fill the id tags below with content with
which to populate your previewed layout. For a complete specification
of sample data, please see http://jimulabs.com/sample-data-specifications/ 

Valid attributes on <screen> tag: theme="@style/someTheme" inEditMode="false" overlay="@drawable/mockup" -->
<screen>
    <_content layout="@layout/recycler_view_custom_playlist_layout">
        <!-- ImageView Examples:
        <background_image_view src="@drawable/image_resource" />
        <background_image_view src="relative_path/image.jpg" /> -->
        <background_image_view />
        <album_art_image_view4 />
        <album_art_image_view3 />
        <album_art_image_view2 />
        <album_art_image_view1 />
        <!-- TextView Examples:
        <playlist_name_text_view text="@string/string_resource" />
        <playlist_name_text_view text="Text literal" textSize="14sp" /> -->
        <playlist_name_text_view />
        <songs_count_text_view />
        <context_menu />
    </_content>
</screen>
